,url,city
0,https://www.apartments.com/jacksonville-fl-32227/,jacksonville
1,https://www.apartments.com/jacksonville-fl-32228/,jacksonville
2,https://www.apartments.com/atlantic_beach-fl-32233/,atlantic_beach
3,https://www.apartments.com/jacksonville_beach-fl-32250/,jacksonville_beach
4,https://www.apartments.com/jacksonville-fl-32255/,jacksonville
5,https://www.apartments.com/neptune_beach-fl-32266/,neptune_beach
6,https://www.apartments.com/austin-tx-73301/,austin
7,https://www.apartments.com/austin-tx-73344/,austin
8,https://www.apartments.com/mcneil-tx-78651/,mcneil
9,https://www.apartments.com/pflugerville-tx-78691/,pflugerville
10,https://www.apartments.com/austin-tx-78701/,austin
11,https://www.apartments.com/austin-tx-78702/,austin
12,https://www.apartments.com/austin-tx-78703/,austin
13,https://www.apartments.com/austin-tx-78704/,austin
14,https://www.apartments.com/austin-tx-78705/,austin
15,https://www.apartments.com/austin-tx-78708/,austin
16,https://www.apartments.com/austin-tx-78709/,austin
17,https://www.apartments.com/austin-tx-78711/,austin
18,https://www.apartments.com/austin-tx-78712/,austin
19,https://www.apartments.com/austin-tx-78718/,austin
20,https://www.apartments.com/austin-tx-78720/,austin
21,https://www.apartments.com/austin-tx-78722/,austin
22,https://www.apartments.com/austin-tx-78741/,austin
23,https://www.apartments.com/austin-tx-78744/,austin
24,https://www.apartments.com/austin-tx-78745/,austin
25,https://www.apartments.com/austin-tx-78746/,austin
26,https://www.apartments.com/austin-tx-78751/,austin
27,https://www.apartments.com/austin-tx-78755/,austin
28,https://www.apartments.com/austin-tx-78756/,austin
29,https://www.apartments.com/austin-tx-78760/,austin
30,https://www.apartments.com/austin-tx-78761/,austin
31,https://www.apartments.com/austin-tx-78762/,austin
32,https://www.apartments.com/austin-tx-78765/,austin
33,https://www.apartments.com/austin-tx-78768/,austin
34,https://www.apartments.com/austin-tx-78769/,austin
35,https://www.apartments.com/austin-tx-78771/,austin
36,https://www.apartments.com/austin-tx-78772/,austin
37,https://www.apartments.com/austin-tx-78773/,austin
38,https://www.apartments.com/austin-tx-78774/,austin
39,https://www.apartments.com/austin-tx-78778/,austin
40,https://www.apartments.com/austin-tx-78779/,austin
41,https://www.apartments.com/austin-tx-78780/,austin
42,https://www.apartments.com/austin-tx-78781/,austin
43,https://www.apartments.com/austin-tx-78782/,austin
44,https://www.apartments.com/austin-tx-78783/,austin
45,https://www.apartments.com/austin-tx-78785/,austin
46,https://www.apartments.com/austin-tx-78786/,austin
47,https://www.apartments.com/austin-tx-78787/,austin
48,https://www.apartments.com/austin-tx-78788/,austin
49,https://www.apartments.com/austin-tx-78789/,austin
50,https://www.apartments.com/austin-tx-73301/,austin
51,https://www.apartments.com/austin-tx-73344/,austin
52,https://www.apartments.com/mcneil-tx-78651/,mcneil
53,https://www.apartments.com/pflugerville-tx-78691/,pflugerville
54,https://www.apartments.com/austin-tx-78701/,austin
55,https://www.apartments.com/austin-tx-78702/,austin
56,https://www.apartments.com/austin-tx-78703/,austin
57,https://www.apartments.com/austin-tx-78704/,austin
58,https://www.apartments.com/austin-tx-78705/,austin
59,https://www.apartments.com/austin-tx-78708/,austin
60,https://www.apartments.com/austin-tx-78709/,austin
61,https://www.apartments.com/austin-tx-78710/,austin
62,https://www.apartments.com/austin-tx-78711/,austin
63,https://www.apartments.com/austin-tx-78712/,austin
64,https://www.apartments.com/austin-tx-78718/,austin
65,https://www.apartments.com/austin-tx-78720/,austin
66,https://www.apartments.com/austin-tx-78721/,austin
67,https://www.apartments.com/austin-tx-78722/,austin
68,https://www.apartments.com/austin-tx-78723/,austin
69,https://www.apartments.com/austin-tx-78731/,austin
70,https://www.apartments.com/austin-tx-78741/,austin
71,https://www.apartments.com/austin-tx-78751/,austin
72,https://www.apartments.com/austin-tx-78752/,austin
73,https://www.apartments.com/austin-tx-78755/,austin
74,https://www.apartments.com/austin-tx-78756/,austin
75,https://www.apartments.com/austin-tx-78757/,austin
76,https://www.apartments.com/austin-tx-78760/,austin
77,https://www.apartments.com/austin-tx-78761/,austin
78,https://www.apartments.com/austin-tx-78762/,austin
79,https://www.apartments.com/austin-tx-78765/,austin
80,https://www.apartments.com/austin-tx-78768/,austin
81,https://www.apartments.com/austin-tx-78769/,austin
82,https://www.apartments.com/austin-tx-78771/,austin
83,https://www.apartments.com/austin-tx-78772/,austin
84,https://www.apartments.com/austin-tx-78773/,austin
85,https://www.apartments.com/austin-tx-78774/,austin
86,https://www.apartments.com/austin-tx-78778/,austin
87,https://www.apartments.com/austin-tx-78779/,austin
88,https://www.apartments.com/austin-tx-78780/,austin
89,https://www.apartments.com/austin-tx-78781/,austin
90,https://www.apartments.com/austin-tx-78782/,austin
91,https://www.apartments.com/austin-tx-78783/,austin
92,https://www.apartments.com/austin-tx-78785/,austin
93,https://www.apartments.com/austin-tx-78786/,austin
94,https://www.apartments.com/austin-tx-78787/,austin
95,https://www.apartments.com/austin-tx-78788/,austin
96,https://www.apartments.com/austin-tx-78789/,austin
97,https://www.apartments.com/austin-tx-78701/,austin
98,https://www.apartments.com/austin-tx-78702/,austin
99,https://www.apartments.com/austin-tx-78705/,austin
100,https://www.apartments.com/austin-tx-78710/,austin
101,https://www.apartments.com/austin-tx-78712/,austin
102,https://www.apartments.com/austin-tx-78721/,austin
103,https://www.apartments.com/austin-tx-78722/,austin
104,https://www.apartments.com/austin-tx-78723/,austin
105,https://www.apartments.com/austin-tx-78724/,austin
106,https://www.apartments.com/austin-tx-78741/,austin
107,https://www.apartments.com/austin-tx-78742/,austin
108,https://www.apartments.com/austin-tx-78751/,austin
109,https://www.apartments.com/austin-tx-78752/,austin
110,https://www.apartments.com/austin-tx-78753/,austin
111,https://www.apartments.com/austin-tx-78754/,austin
112,https://www.apartments.com/austin-tx-78756/,austin
113,https://www.apartments.com/austin-tx-78757/,austin
114,https://www.apartments.com/austin-tx-78758/,austin
115,https://www.apartments.com/austin-tx-78972/,austin
116,https://www.apartments.com/austin-tx-78723/,austin
117,https://www.apartments.com/austin-tx-78724/,austin
118,https://www.apartments.com/austin-tx-78725/,austin
119,https://www.apartments.com/austin-tx-78742/,austin
120,https://www.apartments.com/austin-tx-78753/,austin
121,https://www.apartments.com/austin-tx-78754/,austin
122,https://www.apartments.com/austin-tx-78972/,austin
123,https://www.apartments.com/austin-tx-73301/,austin
124,https://www.apartments.com/austin-tx-73344/,austin
125,https://www.apartments.com/mcneil-tx-78651/,mcneil
126,https://www.apartments.com/pflugerville-tx-78691/,pflugerville
127,https://www.apartments.com/austin-tx-78701/,austin
128,https://www.apartments.com/austin-tx-78702/,austin
129,https://www.apartments.com/austin-tx-78703/,austin
130,https://www.apartments.com/austin-tx-78705/,austin
131,https://www.apartments.com/austin-tx-78708/,austin
132,https://www.apartments.com/austin-tx-78709/,austin
133,https://www.apartments.com/austin-tx-78710/,austin
134,https://www.apartments.com/austin-tx-78711/,austin
135,https://www.apartments.com/austin-tx-78712/,austin
136,https://www.apartments.com/austin-tx-78718/,austin
137,https://www.apartments.com/austin-tx-78720/,austin
138,https://www.apartments.com/austin-tx-78722/,austin
139,https://www.apartments.com/austin-tx-78727/,austin
140,https://www.apartments.com/austin-tx-78731/,austin
141,https://www.apartments.com/austin-tx-78746/,austin
142,https://www.apartments.com/austin-tx-78751/,austin
143,https://www.apartments.com/austin-tx-78755/,austin
144,https://www.apartments.com/austin-tx-78756/,austin
145,https://www.apartments.com/austin-tx-78757/,austin
146,https://www.apartments.com/austin-tx-78759/,austin
147,https://www.apartments.com/austin-tx-78760/,austin
148,https://www.apartments.com/austin-tx-78761/,austin
149,https://www.apartments.com/austin-tx-78762/,austin
150,https://www.apartments.com/austin-tx-78765/,austin
151,https://www.apartments.com/austin-tx-78768/,austin
152,https://www.apartments.com/austin-tx-78769/,austin
153,https://www.apartments.com/austin-tx-78771/,austin
154,https://www.apartments.com/austin-tx-78772/,austin
155,https://www.apartments.com/austin-tx-78773/,austin
156,https://www.apartments.com/austin-tx-78774/,austin
157,https://www.apartments.com/austin-tx-78778/,austin
158,https://www.apartments.com/austin-tx-78779/,austin
159,https://www.apartments.com/austin-tx-78780/,austin
160,https://www.apartments.com/austin-tx-78781/,austin
161,https://www.apartments.com/austin-tx-78782/,austin
162,https://www.apartments.com/austin-tx-78783/,austin
163,https://www.apartments.com/austin-tx-78785/,austin
164,https://www.apartments.com/austin-tx-78786/,austin
165,https://www.apartments.com/austin-tx-78787/,austin
166,https://www.apartments.com/austin-tx-78788/,austin
167,https://www.apartments.com/austin-tx-78789/,austin
168,https://www.apartments.com/austin-tx-78701/,austin
169,https://www.apartments.com/austin-tx-78702/,austin
170,https://www.apartments.com/austin-tx-78703/,austin
171,https://www.apartments.com/austin-tx-78704/,austin
172,https://www.apartments.com/austin-tx-78705/,austin
173,https://www.apartments.com/austin-tx-78712/,austin
174,https://www.apartments.com/austin-tx-78719/,austin
175,https://www.apartments.com/austin-tx-78721/,austin
176,https://www.apartments.com/austin-tx-78722/,austin
177,https://www.apartments.com/austin-tx-78723/,austin
178,https://www.apartments.com/austin-tx-78741/,austin
179,https://www.apartments.com/austin-tx-78742/,austin
180,https://www.apartments.com/austin-tx-78744/,austin
181,https://www.apartments.com/austin-tx-78751/,austin
182,https://www.apartments.com/manchaca-tx-78652/,manchaca
183,https://www.apartments.com/austin-tx-78701/,austin
184,https://www.apartments.com/austin-tx-78704/,austin
185,https://www.apartments.com/austin-tx-78735/,austin
186,https://www.apartments.com/austin-tx-78744/,austin
187,https://www.apartments.com/austin-tx-78745/,austin
188,https://www.apartments.com/austin-tx-78746/,austin
189,https://www.apartments.com/austin-tx-78747/,austin
190,https://www.apartments.com/austin-tx-78748/,austin
191,https://www.apartments.com/austin-tx-73301/,austin
192,https://www.apartments.com/austin-tx-73344/,austin
193,https://www.apartments.com/mcneil-tx-78651/,mcneil
194,https://www.apartments.com/pflugerville-tx-78691/,pflugerville
195,https://www.apartments.com/austin-tx-78701/,austin
196,https://www.apartments.com/austin-tx-78702/,austin
197,https://www.apartments.com/austin-tx-78703/,austin
198,https://www.apartments.com/austin-tx-78704/,austin
199,https://www.apartments.com/austin-tx-78705/,austin
200,https://www.apartments.com/austin-tx-78708/,austin
201,https://www.apartments.com/austin-tx-78709/,austin
202,https://www.apartments.com/austin-tx-78710/,austin
203,https://www.apartments.com/austin-tx-78711/,austin
204,https://www.apartments.com/austin-tx-78712/,austin
205,https://www.apartments.com/austin-tx-78718/,austin
206,https://www.apartments.com/austin-tx-78720/,austin
207,https://www.apartments.com/austin-tx-78721/,austin
208,https://www.apartments.com/austin-tx-78722/,austin
209,https://www.apartments.com/austin-tx-78723/,austin
210,https://www.apartments.com/austin-tx-78731/,austin
211,https://www.apartments.com/austin-tx-78741/,austin
212,https://www.apartments.com/austin-tx-78742/,austin
213,https://www.apartments.com/austin-tx-78751/,austin
214,https://www.apartments.com/austin-tx-78752/,austin
215,https://www.apartments.com/austin-tx-78753/,austin
216,https://www.apartments.com/austin-tx-78755/,austin
217,https://www.apartments.com/austin-tx-78756/,austin
218,https://www.apartments.com/austin-tx-78757/,austin
219,https://www.apartments.com/austin-tx-78758/,austin
220,https://www.apartments.com/austin-tx-78760/,austin
221,https://www.apartments.com/austin-tx-78761/,austin
222,https://www.apartments.com/austin-tx-78762/,austin
223,https://www.apartments.com/austin-tx-78765/,austin
224,https://www.apartments.com/austin-tx-78768/,austin
225,https://www.apartments.com/austin-tx-78769/,austin
226,https://www.apartments.com/austin-tx-78771/,austin
227,https://www.apartments.com/austin-tx-78772/,austin
228,https://www.apartments.com/austin-tx-78773/,austin
229,https://www.apartments.com/austin-tx-78774/,austin
230,https://www.apartments.com/austin-tx-78778/,austin
231,https://www.apartments.com/austin-tx-78779/,austin
232,https://www.apartments.com/austin-tx-78780/,austin
233,https://www.apartments.com/austin-tx-78781/,austin
234,https://www.apartments.com/austin-tx-78782/,austin
235,https://www.apartments.com/austin-tx-78783/,austin
236,https://www.apartments.com/austin-tx-78785/,austin
237,https://www.apartments.com/austin-tx-78786/,austin
238,https://www.apartments.com/austin-tx-78787/,austin
239,https://www.apartments.com/austin-tx-78788/,austin
240,https://www.apartments.com/austin-tx-78789/,austin
241,https://www.apartments.com/austin-tx-73301/,austin
242,https://www.apartments.com/austin-tx-73344/,austin
243,https://www.apartments.com/mcneil-tx-78651/,mcneil
244,https://www.apartments.com/pflugerville-tx-78691/,pflugerville
245,https://www.apartments.com/austin-tx-78708/,austin
246,https://www.apartments.com/austin-tx-78709/,austin
247,https://www.apartments.com/austin-tx-78710/,austin
248,https://www.apartments.com/austin-tx-78711/,austin
249,https://www.apartments.com/austin-tx-78718/,austin
250,https://www.apartments.com/austin-tx-78720/,austin
251,https://www.apartments.com/austin-tx-78727/,austin
252,https://www.apartments.com/austin-tx-78729/,austin
253,https://www.apartments.com/austin-tx-78731/,austin
254,https://www.apartments.com/austin-tx-78750/,austin
255,https://www.apartments.com/austin-tx-78752/,austin
256,https://www.apartments.com/austin-tx-78755/,austin
257,https://www.apartments.com/austin-tx-78757/,austin
258,https://www.apartments.com/austin-tx-78758/,austin
259,https://www.apartments.com/austin-tx-78759/,austin
260,https://www.apartments.com/austin-tx-78760/,austin
261,https://www.apartments.com/austin-tx-78761/,austin
262,https://www.apartments.com/austin-tx-78762/,austin
263,https://www.apartments.com/austin-tx-78765/,austin
264,https://www.apartments.com/austin-tx-78768/,austin
265,https://www.apartments.com/austin-tx-78769/,austin
266,https://www.apartments.com/austin-tx-78771/,austin
267,https://www.apartments.com/austin-tx-78772/,austin
268,https://www.apartments.com/austin-tx-78773/,austin
269,https://www.apartments.com/austin-tx-78774/,austin
270,https://www.apartments.com/austin-tx-78778/,austin
271,https://www.apartments.com/austin-tx-78779/,austin
272,https://www.apartments.com/austin-tx-78780/,austin
273,https://www.apartments.com/austin-tx-78781/,austin
274,https://www.apartments.com/austin-tx-78782/,austin
275,https://www.apartments.com/austin-tx-78783/,austin
276,https://www.apartments.com/austin-tx-78785/,austin
277,https://www.apartments.com/austin-tx-78786/,austin
278,https://www.apartments.com/austin-tx-78787/,austin
279,https://www.apartments.com/austin-tx-78788/,austin
280,https://www.apartments.com/austin-tx-78789/,austin
281,https://www.apartments.com/bradenton-fl-34203/,bradenton
282,https://www.apartments.com/bradenton-fl-34205/,bradenton
283,https://www.apartments.com/bradenton-fl-34207/,bradenton
284,https://www.apartments.com/bradenton-fl-34208/,bradenton
285,https://www.apartments.com/palmetto-fl-34221/,palmetto
286,https://www.apartments.com/ellenton-fl-34222/,ellenton
287,https://www.apartments.com/sarasota-fl-34243/,sarasota
288,https://www.apartments.com/tallevast-fl-34270/,tallevast
289,https://www.apartments.com/bradenton-fl-34205/,bradenton
290,https://www.apartments.com/bradenton-fl-34207/,bradenton
291,https://www.apartments.com/bradenton-fl-34209/,bradenton
292,https://www.apartments.com/bradenton-fl-34210/,bradenton
293,https://www.apartments.com/cortez-fl-34215/,cortez
294,https://www.apartments.com/longboat_key-fl-34228/,longboat_key
295,https://www.apartments.com/cedar_park-tx-78613/,cedar_park
296,https://www.apartments.com/leander-tx-78641/,leander
297,https://www.apartments.com/austin-tx-78713/,austin
298,https://www.apartments.com/austin-tx-78726/,austin
299,https://www.apartments.com/austin-tx-78750/,austin
300,https://www.apartments.com/fort_myers-fl-33905/,fort_myers
301,https://www.apartments.com/lehigh_acres-fl-33971/,lehigh_acres
302,https://www.apartments.com/jacksonville-fl-32202/,jacksonville
303,https://www.apartments.com/jacksonville-fl-32204/,jacksonville
304,https://www.apartments.com/jacksonville-fl-32206/,jacksonville
305,https://www.apartments.com/jacksonville-fl-32207/,jacksonville
306,https://www.apartments.com/jacksonville-fl-32209/,jacksonville
307,https://www.apartments.com/jacksonville-fl-32211/,jacksonville
308,https://www.apartments.com/jacksonville-fl-32214/,jacksonville
309,https://www.apartments.com/jacksonville-fl-32216/,jacksonville
310,https://www.apartments.com/jacksonville-fl-32217/,jacksonville
311,https://www.apartments.com/jacksonville-fl-32229/,jacksonville
312,https://www.apartments.com/jacksonville-fl-32230/,jacksonville
313,https://www.apartments.com/jacksonville-fl-32231/,jacksonville
314,https://www.apartments.com/jacksonville-fl-32232/,jacksonville
315,https://www.apartments.com/jacksonville-fl-32235/,jacksonville
316,https://www.apartments.com/jacksonville-fl-32236/,jacksonville
317,https://www.apartments.com/jacksonville-fl-32237/,jacksonville
318,https://www.apartments.com/jacksonville-fl-32238/,jacksonville
319,https://www.apartments.com/jacksonville-fl-32239/,jacksonville
320,https://www.apartments.com/jacksonville_beach-fl-32240/,jacksonville_beach
321,https://www.apartments.com/jacksonville-fl-32241/,jacksonville
322,https://www.apartments.com/jacksonville-fl-32245/,jacksonville
323,https://www.apartments.com/jacksonville-fl-32247/,jacksonville
324,https://www.apartments.com/jacksonville-fl-32267/,jacksonville
325,https://www.apartments.com/jacksonville-fl-32276/,jacksonville
326,https://www.apartments.com/jacksonville-fl-32277/,jacksonville
327,https://www.apartments.com/jacksonville-fl-32203/,jacksonville
328,https://www.apartments.com/jacksonville-fl-32207/,jacksonville
329,https://www.apartments.com/jacksonville-fl-32211/,jacksonville
330,https://www.apartments.com/jacksonville-fl-32216/,jacksonville
331,https://www.apartments.com/jacksonville-fl-32277/,jacksonville
332,https://www.apartments.com/jacksonville-fl-32207/,jacksonville
333,https://www.apartments.com/jacksonville-fl-32216/,jacksonville
334,https://www.apartments.com/jacksonville-fl-32217/,jacksonville
335,https://www.apartments.com/jacksonville-fl-32257/,jacksonville
336,https://www.apartments.com/orange_park-fl-32073/,orange_park
337,https://www.apartments.com/jacksonville-fl-32210/,jacksonville
338,https://www.apartments.com/jacksonville-fl-32212/,jacksonville
339,https://www.apartments.com/jacksonville-fl-32221/,jacksonville
340,https://www.apartments.com/jacksonville-fl-32244/,jacksonville
341,https://www.apartments.com/pompano_beach-fl-33068/,pompano_beach
342,https://www.apartments.com/fort_lauderdale-fl-33309/,fort_lauderdale
343,https://www.apartments.com/fort_lauderdale-fl-33310/,fort_lauderdale
344,https://www.apartments.com/fort_lauderdale-fl-33311/,fort_lauderdale
345,https://www.apartments.com/fort_lauderdale-fl-33312/,fort_lauderdale
346,https://www.apartments.com/fort_lauderdale-fl-33313/,fort_lauderdale
347,https://www.apartments.com/fort_lauderdale-fl-33314/,fort_lauderdale
348,https://www.apartments.com/fort_lauderdale-fl-33317/,fort_lauderdale
349,https://www.apartments.com/fort_lauderdale-fl-33318/,fort_lauderdale
350,https://www.apartments.com/fort_lauderdale-fl-33319/,fort_lauderdale
351,https://www.apartments.com/fort_lauderdale-fl-33320/,fort_lauderdale
352,https://www.apartments.com/fort_lauderdale-fl-33321/,fort_lauderdale
353,https://www.apartments.com/fort_lauderdale-fl-33322/,fort_lauderdale
354,https://www.apartments.com/fort_lauderdale-fl-33324/,fort_lauderdale
355,https://www.apartments.com/fort_lauderdale-fl-33337/,fort_lauderdale
356,https://www.apartments.com/fort_lauderdale-fl-33351/,fort_lauderdale
357,https://www.apartments.com/pine_island_ridge-fl-33352/,pine_island_ridge
358,https://www.apartments.com/fort_lauderdale-fl-33388/,fort_lauderdale
359,https://www.apartments.com/cedar_park-tx-78613/,cedar_park
360,https://www.apartments.com/leander-tx-78641/,leander
361,https://www.apartments.com/austin-tx-78713/,austin
362,https://www.apartments.com/miami-fl-33110/,miami
363,https://www.apartments.com/miami-fl-33127/,miami
364,https://www.apartments.com/miami-fl-33137/,miami
365,https://www.apartments.com/miami-fl-33138/,miami
366,https://www.apartments.com/miami_beach-fl-33140/,miami_beach
367,https://www.apartments.com/miami_beach-fl-33141/,miami_beach
368,https://www.apartments.com/miami-fl-33142/,miami
369,https://www.apartments.com/miami-fl-33147/,miami
370,https://www.apartments.com/miami-fl-33150/,miami
371,https://www.apartments.com/miami-fl-33151/,miami
372,https://www.apartments.com/miami-fl-33153/,miami
373,https://www.apartments.com/miami-fl-33154/,miami
374,https://www.apartments.com/north_miami_beach-fl-33160/,north_miami_beach
375,https://www.apartments.com/miami-fl-33161/,miami
376,https://www.apartments.com/miami-fl-33162/,miami
377,https://www.apartments.com/miami-fl-33163/,miami
378,https://www.apartments.com/miami-fl-33167/,miami
379,https://www.apartments.com/miami-fl-33168/,miami
380,https://www.apartments.com/miami-fl-33169/,miami
381,https://www.apartments.com/miami-fl-33179/,miami
382,https://www.apartments.com/miami-fl-33180/,miami
383,https://www.apartments.com/miami-fl-33181/,miami
384,https://www.apartments.com/naples-fl-34104/,naples
385,https://www.apartments.com/naples-fl-34112/,naples
386,https://www.apartments.com/naples-fl-34116/,naples
387,https://www.apartments.com/naples-fl-34119/,naples
388,https://www.apartments.com/doctors_inlet-fl-32030/,doctors_inlet
389,https://www.apartments.com/orange_park-fl-32065/,orange_park
390,https://www.apartments.com/orange_park-fl-32073/,orange_park
391,https://www.apartments.com/jacksonville-fl-32212/,jacksonville
392,https://www.apartments.com/jacksonville-fl-32244/,jacksonville
393,https://www.apartments.com/pompano_beach-fl-33068/,pompano_beach
394,https://www.apartments.com/fort_lauderdale-fl-33309/,fort_lauderdale
395,https://www.apartments.com/fort_lauderdale-fl-33310/,fort_lauderdale
396,https://www.apartments.com/fort_lauderdale-fl-33311/,fort_lauderdale
397,https://www.apartments.com/fort_lauderdale-fl-33312/,fort_lauderdale
398,https://www.apartments.com/fort_lauderdale-fl-33313/,fort_lauderdale
399,https://www.apartments.com/fort_lauderdale-fl-33314/,fort_lauderdale
400,https://www.apartments.com/fort_lauderdale-fl-33317/,fort_lauderdale
401,https://www.apartments.com/fort_lauderdale-fl-33318/,fort_lauderdale
402,https://www.apartments.com/fort_lauderdale-fl-33319/,fort_lauderdale
403,https://www.apartments.com/fort_lauderdale-fl-33320/,fort_lauderdale
404,https://www.apartments.com/fort_lauderdale-fl-33321/,fort_lauderdale
405,https://www.apartments.com/fort_lauderdale-fl-33322/,fort_lauderdale
406,https://www.apartments.com/fort_lauderdale-fl-33324/,fort_lauderdale
407,https://www.apartments.com/fort_lauderdale-fl-33337/,fort_lauderdale
408,https://www.apartments.com/fort_lauderdale-fl-33351/,fort_lauderdale
409,https://www.apartments.com/pine_island_ridge-fl-33352/,pine_island_ridge
410,https://www.apartments.com/fort_lauderdale-fl-33388/,fort_lauderdale
411,https://www.apartments.com/san_antonio-tx-78126/,san_antonio
412,https://www.apartments.com/universal_city-tx-78150/,universal_city
413,https://www.apartments.com/san_antonio-tx-78202/,san_antonio
414,https://www.apartments.com/san_antonio-tx-78203/,san_antonio
415,https://www.apartments.com/san_antonio-tx-78205/,san_antonio
416,https://www.apartments.com/san_antonio-tx-78206/,san_antonio
417,https://www.apartments.com/san_antonio-tx-78208/,san_antonio
418,https://www.apartments.com/san_antonio-tx-78209/,san_antonio
419,https://www.apartments.com/san_antonio-tx-78212/,san_antonio
420,https://www.apartments.com/san_antonio-tx-78215/,san_antonio
421,https://www.apartments.com/san_antonio-tx-78216/,san_antonio
422,https://www.apartments.com/san_antonio-tx-78217/,san_antonio
423,https://www.apartments.com/san_antonio-tx-78218/,san_antonio
424,https://www.apartments.com/san_antonio-tx-78219/,san_antonio
425,https://www.apartments.com/san_antonio-tx-78220/,san_antonio
426,https://www.apartments.com/san_antonio-tx-78234/,san_antonio
427,https://www.apartments.com/san_antonio-tx-78241/,san_antonio
428,https://www.apartments.com/san_antonio-tx-78243/,san_antonio
429,https://www.apartments.com/san_antonio-tx-78246/,san_antonio
430,https://www.apartments.com/san_antonio-tx-78265/,san_antonio
431,https://www.apartments.com/san_antonio-tx-78268/,san_antonio
432,https://www.apartments.com/san_antonio-tx-78269/,san_antonio
433,https://www.apartments.com/san_antonio-tx-78270/,san_antonio
434,https://www.apartments.com/san_antonio-tx-78275/,san_antonio
435,https://www.apartments.com/san_antonio-tx-78278/,san_antonio
436,https://www.apartments.com/san_antonio-tx-78279/,san_antonio
437,https://www.apartments.com/san_antonio-tx-78280/,san_antonio
438,https://www.apartments.com/san_antonio-tx-78283/,san_antonio
439,https://www.apartments.com/san_antonio-tx-78284/,san_antonio
440,https://www.apartments.com/san_antonio-tx-78285/,san_antonio
441,https://www.apartments.com/san_antonio-tx-78286/,san_antonio
442,https://www.apartments.com/san_antonio-tx-78287/,san_antonio
443,https://www.apartments.com/san_antonio-tx-78288/,san_antonio
444,https://www.apartments.com/san_antonio-tx-78289/,san_antonio
445,https://www.apartments.com/san_antonio-tx-78291/,san_antonio
446,https://www.apartments.com/san_antonio-tx-78292/,san_antonio
447,https://www.apartments.com/san_antonio-tx-78293/,san_antonio
448,https://www.apartments.com/san_antonio-tx-78294/,san_antonio
449,https://www.apartments.com/san_antonio-tx-78295/,san_antonio
450,https://www.apartments.com/san_antonio-tx-78296/,san_antonio
451,https://www.apartments.com/san_antonio-tx-78297/,san_antonio
452,https://www.apartments.com/san_antonio-tx-78298/,san_antonio
453,https://www.apartments.com/san_antonio-tx-78299/,san_antonio
454,https://www.apartments.com/universal_city-tx-78150/,universal_city
455,https://www.apartments.com/san_antonio-tx-78202/,san_antonio
456,https://www.apartments.com/san_antonio-tx-78203/,san_antonio
457,https://www.apartments.com/san_antonio-tx-78204/,san_antonio
458,https://www.apartments.com/san_antonio-tx-78205/,san_antonio
459,https://www.apartments.com/san_antonio-tx-78206/,san_antonio
460,https://www.apartments.com/san_antonio-tx-78207/,san_antonio
461,https://www.apartments.com/san_antonio-tx-78208/,san_antonio
462,https://www.apartments.com/san_antonio-tx-78210/,san_antonio
463,https://www.apartments.com/san_antonio-tx-78211/,san_antonio
464,https://www.apartments.com/san_antonio-tx-78214/,san_antonio
465,https://www.apartments.com/san_antonio-tx-78215/,san_antonio
466,https://www.apartments.com/san_antonio-tx-78221/,san_antonio
467,https://www.apartments.com/san_antonio-tx-78224/,san_antonio
468,https://www.apartments.com/san_antonio-tx-78225/,san_antonio
469,https://www.apartments.com/san_antonio-tx-78241/,san_antonio
470,https://www.apartments.com/san_antonio-tx-78243/,san_antonio
471,https://www.apartments.com/san_antonio-tx-78246/,san_antonio
472,https://www.apartments.com/san_antonio-tx-78265/,san_antonio
473,https://www.apartments.com/san_antonio-tx-78268/,san_antonio
474,https://www.apartments.com/san_antonio-tx-78269/,san_antonio
475,https://www.apartments.com/san_antonio-tx-78270/,san_antonio
476,https://www.apartments.com/san_antonio-tx-78275/,san_antonio
477,https://www.apartments.com/san_antonio-tx-78278/,san_antonio
478,https://www.apartments.com/san_antonio-tx-78279/,san_antonio
479,https://www.apartments.com/san_antonio-tx-78280/,san_antonio
480,https://www.apartments.com/san_antonio-tx-78283/,san_antonio
481,https://www.apartments.com/san_antonio-tx-78284/,san_antonio
482,https://www.apartments.com/san_antonio-tx-78285/,san_antonio
483,https://www.apartments.com/san_antonio-tx-78286/,san_antonio
484,https://www.apartments.com/san_antonio-tx-78287/,san_antonio
485,https://www.apartments.com/san_antonio-tx-78288/,san_antonio
486,https://www.apartments.com/san_antonio-tx-78289/,san_antonio
487,https://www.apartments.com/san_antonio-tx-78291/,san_antonio
488,https://www.apartments.com/san_antonio-tx-78292/,san_antonio
489,https://www.apartments.com/san_antonio-tx-78293/,san_antonio
490,https://www.apartments.com/san_antonio-tx-78294/,san_antonio
491,https://www.apartments.com/san_antonio-tx-78295/,san_antonio
492,https://www.apartments.com/san_antonio-tx-78296/,san_antonio
493,https://www.apartments.com/san_antonio-tx-78297/,san_antonio
494,https://www.apartments.com/san_antonio-tx-78298/,san_antonio
495,https://www.apartments.com/san_antonio-tx-78299/,san_antonio
496,https://www.apartments.com/universal_city-tx-78150/,universal_city
497,https://www.apartments.com/san_antonio-tx-78201/,san_antonio
498,https://www.apartments.com/san_antonio-tx-78202/,san_antonio
499,https://www.apartments.com/san_antonio-tx-78203/,san_antonio
500,https://www.apartments.com/san_antonio-tx-78204/,san_antonio
501,https://www.apartments.com/san_antonio-tx-78205/,san_antonio
502,https://www.apartments.com/san_antonio-tx-78206/,san_antonio
503,https://www.apartments.com/san_antonio-tx-78207/,san_antonio
504,https://www.apartments.com/san_antonio-tx-78208/,san_antonio
505,https://www.apartments.com/san_antonio-tx-78209/,san_antonio
506,https://www.apartments.com/san_antonio-tx-78210/,san_antonio
507,https://www.apartments.com/san_antonio-tx-78212/,san_antonio
508,https://www.apartments.com/san_antonio-tx-78213/,san_antonio
509,https://www.apartments.com/san_antonio-tx-78214/,san_antonio
510,https://www.apartments.com/san_antonio-tx-78215/,san_antonio
511,https://www.apartments.com/san_antonio-tx-78225/,san_antonio
512,https://www.apartments.com/san_antonio-tx-78234/,san_antonio
513,https://www.apartments.com/san_antonio-tx-78241/,san_antonio
514,https://www.apartments.com/san_antonio-tx-78243/,san_antonio
515,https://www.apartments.com/san_antonio-tx-78246/,san_antonio
516,https://www.apartments.com/san_antonio-tx-78265/,san_antonio
517,https://www.apartments.com/san_antonio-tx-78268/,san_antonio
518,https://www.apartments.com/san_antonio-tx-78269/,san_antonio
519,https://www.apartments.com/san_antonio-tx-78270/,san_antonio
520,https://www.apartments.com/san_antonio-tx-78275/,san_antonio
521,https://www.apartments.com/san_antonio-tx-78278/,san_antonio
522,https://www.apartments.com/san_antonio-tx-78279/,san_antonio
523,https://www.apartments.com/san_antonio-tx-78280/,san_antonio
524,https://www.apartments.com/san_antonio-tx-78283/,san_antonio
525,https://www.apartments.com/san_antonio-tx-78284/,san_antonio
526,https://www.apartments.com/san_antonio-tx-78285/,san_antonio
527,https://www.apartments.com/san_antonio-tx-78286/,san_antonio
528,https://www.apartments.com/san_antonio-tx-78287/,san_antonio
529,https://www.apartments.com/san_antonio-tx-78288/,san_antonio
530,https://www.apartments.com/san_antonio-tx-78289/,san_antonio
531,https://www.apartments.com/san_antonio-tx-78291/,san_antonio
532,https://www.apartments.com/san_antonio-tx-78292/,san_antonio
533,https://www.apartments.com/san_antonio-tx-78293/,san_antonio
534,https://www.apartments.com/san_antonio-tx-78294/,san_antonio
535,https://www.apartments.com/san_antonio-tx-78295/,san_antonio
536,https://www.apartments.com/san_antonio-tx-78296/,san_antonio
537,https://www.apartments.com/san_antonio-tx-78297/,san_antonio
538,https://www.apartments.com/san_antonio-tx-78298/,san_antonio
539,https://www.apartments.com/san_antonio-tx-78299/,san_antonio
540,https://www.apartments.com/san_antonio-tx-78126/,san_antonio
541,https://www.apartments.com/san_antonio-tx-78201/,san_antonio
542,https://www.apartments.com/san_antonio-tx-78209/,san_antonio
543,https://www.apartments.com/san_antonio-tx-78212/,san_antonio
544,https://www.apartments.com/san_antonio-tx-78213/,san_antonio
545,https://www.apartments.com/san_antonio-tx-78216/,san_antonio
546,https://www.apartments.com/san_antonio-tx-78231/,san_antonio
547,https://www.apartments.com/san_antonio-tx-78232/,san_antonio
548,https://www.apartments.com/san_antonio-tx-78234/,san_antonio
549,https://www.apartments.com/san_antonio-tx-78248/,san_antonio
550,https://www.apartments.com/san_antonio-tx-78201/,san_antonio
551,https://www.apartments.com/san_antonio-tx-78212/,san_antonio
552,https://www.apartments.com/san_antonio-tx-78213/,san_antonio
553,https://www.apartments.com/san_antonio-tx-78229/,san_antonio
554,https://www.apartments.com/san_antonio-tx-78230/,san_antonio
555,https://www.apartments.com/san_antonio-tx-78231/,san_antonio
556,https://www.apartments.com/san_antonio-tx-78240/,san_antonio
557,https://www.apartments.com/san_antonio-tx-78248/,san_antonio
558,https://www.apartments.com/bradenton-fl-34201/,bradenton
559,https://www.apartments.com/sarasota-fl-34231/,sarasota
560,https://www.apartments.com/sarasota-fl-34232/,sarasota
561,https://www.apartments.com/sarasota-fl-34233/,sarasota
562,https://www.apartments.com/sarasota-fl-34235/,sarasota
563,https://www.apartments.com/sarasota-fl-34237/,sarasota
564,https://www.apartments.com/sarasota-fl-34238/,sarasota
565,https://www.apartments.com/sarasota-fl-34239/,sarasota
566,https://www.apartments.com/sarasota-fl-34278/,sarasota
567,https://www.apartments.com/bradenton-fl-34203/,bradenton
568,https://www.apartments.com/bradenton-fl-34205/,bradenton
569,https://www.apartments.com/bradenton-fl-34207/,bradenton
570,https://www.apartments.com/bradenton-fl-34208/,bradenton
571,https://www.apartments.com/sarasota-fl-34230/,sarasota
572,https://www.apartments.com/sarasota-fl-34234/,sarasota
573,https://www.apartments.com/sarasota-fl-34235/,sarasota
574,https://www.apartments.com/sarasota-fl-34236/,sarasota
575,https://www.apartments.com/sarasota-fl-34237/,sarasota
576,https://www.apartments.com/sarasota-fl-34243/,sarasota
577,https://www.apartments.com/tallevast-fl-34270/,tallevast
578,https://www.apartments.com/sarasota-fl-34278/,sarasota
579,https://www.apartments.com/saint_petersburg-fl-33701/,saint_petersburg
580,https://www.apartments.com/saint_petersburg-fl-33702/,saint_petersburg
581,https://www.apartments.com/saint_petersburg-fl-33703/,saint_petersburg
582,https://www.apartments.com/saint_petersburg-fl-33704/,saint_petersburg
583,https://www.apartments.com/saint_petersburg-fl-33705/,saint_petersburg
584,https://www.apartments.com/saint_petersburg-fl-33707/,saint_petersburg
585,https://www.apartments.com/saint_petersburg-fl-33709/,saint_petersburg
586,https://www.apartments.com/saint_petersburg-fl-33710/,saint_petersburg
587,https://www.apartments.com/saint_petersburg-fl-33711/,saint_petersburg
588,https://www.apartments.com/saint_petersburg-fl-33712/,saint_petersburg
589,https://www.apartments.com/saint_petersburg-fl-33713/,saint_petersburg
590,https://www.apartments.com/saint_petersburg-fl-33714/,saint_petersburg
591,https://www.apartments.com/pinellas_park-fl-33781/,pinellas_park
592,https://www.apartments.com/pinellas_park-fl-33782/,pinellas_park
593,https://www.apartments.com/jensen_beach-fl-34957/,jensen_beach
594,https://www.apartments.com/jensen_beach-fl-34958/,jensen_beach
595,https://www.apartments.com/stuart-fl-34994/,stuart
596,https://www.apartments.com/stuart-fl-34995/,stuart
597,https://www.apartments.com/stuart-fl-34996/,stuart
598,https://www.apartments.com/stuart-fl-34997/,stuart
599,https://www.apartments.com/tallahassee-fl-32301/,tallahassee
600,https://www.apartments.com/tallahassee-fl-32302/,tallahassee
601,https://www.apartments.com/tallahassee-fl-32303/,tallahassee
602,https://www.apartments.com/tallahassee-fl-32304/,tallahassee
603,https://www.apartments.com/tallahassee-fl-32306/,tallahassee
604,https://www.apartments.com/tallahassee-fl-32307/,tallahassee
605,https://www.apartments.com/tallahassee-fl-32310/,tallahassee
606,https://www.apartments.com/tallahassee-fl-32313/,tallahassee
607,https://www.apartments.com/tallahassee-fl-32314/,tallahassee
608,https://www.apartments.com/tallahassee-fl-32315/,tallahassee
609,https://www.apartments.com/tallahassee-fl-32316/,tallahassee
610,https://www.apartments.com/tallahassee-fl-32317/,tallahassee
611,https://www.apartments.com/tallahassee-fl-32395/,tallahassee
612,https://www.apartments.com/pompano_beach-fl-33063/,pompano_beach
613,https://www.apartments.com/pompano_beach-fl-33065/,pompano_beach
614,https://www.apartments.com/pompano_beach-fl-33068/,pompano_beach
615,https://www.apartments.com/pompano_beach-fl-33071/,pompano_beach
616,https://www.apartments.com/fort_lauderdale-fl-33310/,fort_lauderdale
617,https://www.apartments.com/fort_lauderdale-fl-33313/,fort_lauderdale
618,https://www.apartments.com/fort_lauderdale-fl-33319/,fort_lauderdale
619,https://www.apartments.com/fort_lauderdale-fl-33320/,fort_lauderdale
620,https://www.apartments.com/fort_lauderdale-fl-33321/,fort_lauderdale
621,https://www.apartments.com/fort_lauderdale-fl-33322/,fort_lauderdale
622,https://www.apartments.com/fort_lauderdale-fl-33323/,fort_lauderdale
623,https://www.apartments.com/fort_lauderdale-fl-33345/,fort_lauderdale
624,https://www.apartments.com/fort_lauderdale-fl-33351/,fort_lauderdale
625,https://www.apartments.com/tampa-fl-33602/,tampa
626,https://www.apartments.com/tampa-fl-33603/,tampa
627,https://www.apartments.com/tampa-fl-33604/,tampa
628,https://www.apartments.com/tampa-fl-33605/,tampa
629,https://www.apartments.com/tampa-fl-33610/,tampa
630,https://www.apartments.com/tampa-fl-33612/,tampa
631,https://www.apartments.com/tampa-fl-33617/,tampa
632,https://www.apartments.com/tampa-fl-33619/,tampa
633,https://www.apartments.com/tampa-fl-33620/,tampa
634,https://www.apartments.com/tampa-fl-33637/,tampa
635,https://www.apartments.com/tampa-fl-33602/,tampa
636,https://www.apartments.com/tampa-fl-33606/,tampa
637,https://www.apartments.com/tampa-fl-33607/,tampa
638,https://www.apartments.com/tampa-fl-33608/,tampa
639,https://www.apartments.com/tampa-fl-33609/,tampa
640,https://www.apartments.com/tampa-fl-33611/,tampa
641,https://www.apartments.com/tampa-fl-33616/,tampa
642,https://www.apartments.com/tampa-fl-33621/,tampa
643,https://www.apartments.com/tampa-fl-33629/,tampa
